customer_id,name,email,phone,city,country
1,Sarah Hernandez,ubryant@yahoo.com,12345678,East Annettehaven,Western Sahara
2,Justin Randall,jhernandez@wiggins-diaz.net,87654321,Brandonshire,Afghanistan
3,Joseph Washington,millerjose@yahoo.com,23456789,Davidchester,Saint Martin
4,Matthew Franklin,martinezdenise@ramsey.com,98765432,Liuberg,El Salvador
5,Dr. Matthew Harrell,blairjohn@flores-allen.org,34567890,Reneechester,Grenada
6,Tiffany Bell,linda57@fuentes.com,45678901,Melaniefort,Senegal
7,Ashley Parker,maria71@rivera.net,56789012,East Alyssa,Kenya
8,Brian Pratt,angela95@hotmail.com,67890123,Lake Tyler,Zambia
9,Brooke Foster,james68@bartlett.biz,78901234,Michaelfort,Greenland
10,Heather Coffey,lauriebarnes@hotmail.com,89012345,Lake Jamesfort,Syrian Arab Republic
11,Christopher Odonnell,vasquezdaniel@griffith.com,90123456,North Chelseatown,Tokelau
12,Jacob Johnson,cobbvincent@casey.com,81234567,Robbinshaven,Cameroon
13,Carla Rodriguez,njensen@yahoo.com,76543210,South Cody,Iran
14,William Williams,michelehumphrey@yahoo.com,65432198,Vanessastad,Uzbekistan
15,Julie Parker,harrisjulie@barker-mathis.com,54321987,Donaldborough,Tokelau
16,David Aguilar,sherri85@wright-brooks.net,43219876,Barajasville,French Southern Territories
17,Ashley Brown,jjohnson@sanford.info,32198765,North Jaclyn,Zimbabwe
18,Julie Wood,millerjohn@evans.biz,21987654,South Christopher,Zambia
19,Ricky Pittman,melissagarcia@hotmail.com,19876543,Ianland,Romania
20,Paul Brown,traviscrystal@hensley-hernandez.com,10928374,New Ronald,French Polynesia
21,Andrew Phillips,megan63@wallace.net,91827364,Lake Jennifer,Yemen
22,Bruce Fernandez,rfletcher@rice.net,83726145,Angelaburgh,Anguilla
23,Kristen Williams,powellamanda@smith-green.com,72615438,Brycehaven,Saint Pierre and Miquelon
24,Christian Walsh,hoganjason@perez-hall.com,61524387,South Patricia,Guam
25,Sean Campbell,lrodriguez@williams.info,50413286,Bruceland,Albania
26,Harold Taylor,gregorysmith@gmail.com,38472615,North Breanna,Bahamas
27,Harold Johnson,christina97@davis.org,29384756,Brownland,Isle of Man
28,Keith Frost,johnsonluis@strickland.com,18273645,Ryanborough,Aruba
29,Kevin Flores,kelleranna@wilson-oliver.com,37482910,Port John,Spain
30,James Hickman,breannaknapp@gmail.com,58392017,Oneilltown,Tajikistan
31,Paul Rojas,andrew61@yahoo.com,74829103,Sheilachester,Malaysia
32,Benjamin Jimenez,lfisher@hotmail.com,92837465,Blairhaven,Cayman Islands
33,Jerome Jackson,hallchristopher@lawrence-davis.com,83746521,Beasleychester,Saint Barthelemy
34,Sarah Moreno,lovetodd@yahoo.com,72615384,Steveland,Bhutan
35,Sara Hammond,walkerrichard@willis.org,61428973,New Kristina,Syrian Arab Republic
36,Daniel Lee,alejandro67@hotmail.com,59283746,Melissastad,Bangladesh
37,Christian Collins,ericmcdonald@robertson.org,48172635,Osborneshire,Pakistan
38,Sharon Murray,hartbeverly@sullivan-diaz.info,37029486,Rubenmouth,Greece
39,Charles Martinez,edwintorres@garcia.com,25938476,East Jennifer,Benin
40,Dale Watkins,brooketorres@hotmail.com,14827365,Robertsside,Taiwan
41,Dawn Gilmore,dannyolsen@bell.com,93746281,West Denise,South Georgia and the South Sandwich Islands
42,Christina Palmer,jennifer61@gmail.com,82615397,Jamesstad,Madagascar
43,Erica Fry,derekreed@williams.com,71529486,South Chadtown,Libyan Arab Jamahiriya
44,Jennifer Johnson,portersarah@rodriguez.org,60418375,East Warren,American Samoa
45,Karen Kelley,chorton@yahoo.com,49382746,Virginialand,Burundi
46,Wendy Ford,yjohnson@williams.com,38271645,Davidhaven,Tonga
47,Christian Humphrey,gutierrezbrittany@yahoo.com,27163847,North Lauren,Argentina
48,Rebecca Glover DVM,carlybrown@hunter.com,16028473,Clayfort,Guinea-Bissau
49,Jason Palmer,mary12@romero.com,84930217,Jonathanview,Jersey
50,Brian Gonzalez,stephanie35@ellis.com,73819204,East Brent,Niue
